[{
  "id": 1,
  "first_name": "Falito",
  "last_name": "Pettiford",
  "email": "fpettiford0@ihg.com"
}, {
  "id": 2,
  "first_name": "Rhetta",
  "last_name": "Mapham",
  "email": "rmapham1@canalblog.com"
}, {
  "id": 3,
  "first_name": "Nikoletta",
  "last_name": "Kettlesing",
  "email": "nkettlesing2@forbes.com"
}, {
  "id": 4,
  "first_name": "Bank",
  "last_name": "Andriveau",
  "email": "bandriveau3@mapquest.com"
}, {
  "id": 5,
  "first_name": "Jerrilyn",
  "last_name": "Piddle",
  "email": "jpiddle4@de.vu"
}, {
  "id": 6,
  "first_name": "Yoko",
  "last_name": "Drewery",
  "email": "ydrewery5@mysql.com"
}, {
  "id": 7,
  "first_name": "Derrick",
  "last_name": "Salters",
  "email": "dsalters6@hc360.com"
}, {
  "id": 8,
  "first_name": "Michel",
  "last_name": "Lawless",
  "email": "mlawless7@imageshack.us"
}, {
  "id": 9,
  "first_name": "Irvine",
  "last_name": "Pieche",
  "email": "ipieche8@slideshare.net"
}, {
  "id": 10,
  "first_name": "Eunice",
  "last_name": "Daviddi",
  "email": "edaviddi9@about.me"
}, {
  "id": 11,
  "first_name": "Aggie",
  "last_name": "Duetsche",
  "email": "aduetschea@moonfruit.com"
}, {
  "id": 12,
  "first_name": "Norry",
  "last_name": "Renehan",
  "email": "nrenehanb@furl.net"
}, {
  "id": 13,
  "first_name": "Avis",
  "last_name": "Winspeare",
  "email": "awinspearec@oaic.gov.au"
}, {
  "id": 14,
  "first_name": "Ashlie",
  "last_name": "Mahedy",
  "email": "amahedyd@webeden.co.uk"
}, {
  "id": 15,
  "first_name": "Zulema",
  "last_name": "Grevile",
  "email": "zgrevilee@aol.com"
}, {
  "id": 16,
  "first_name": "Rudolph",
  "last_name": "O'Hagan",
  "email": "rohaganf@ox.ac.uk"
}, {
  "id": 17,
  "first_name": "Allin",
  "last_name": "Moorwood",
  "email": "amoorwoodg@usda.gov"
}, {
  "id": 18,
  "first_name": "Ole",
  "last_name": "Bremmell",
  "email": "obremmellh@tripadvisor.com"
}, {
  "id": 19,
  "first_name": "Jane",
  "last_name": "Malitrott",
  "email": "jmalitrotti@facebook.com"
}, {
  "id": 20,
  "first_name": "Babita",
  "last_name": "Roydon",
  "email": "broydonj@rambler.ru"
}, {
  "id": 21,
  "first_name": "Natal",
  "last_name": "Brandenburg",
  "email": "nbrandenburgk@thetimes.co.uk"
}, {
  "id": 22,
  "first_name": "Juanita",
  "last_name": "Ridpath",
  "email": "jridpathl@merriam-webster.com"
}, {
  "id": 23,
  "first_name": "Amitie",
  "last_name": "Mallon",
  "email": "amallonm@cnn.com"
}, {
  "id": 24,
  "first_name": "Martita",
  "last_name": "Boch",
  "email": "mbochn@furl.net"
}, {
  "id": 25,
  "first_name": "Roderick",
  "last_name": "Browncey",
  "email": "rbrownceyo@nsw.gov.au"
}]
